Bestioles,Accueil du site des bestioles,https://www.bestioles.ca/
Animaux,Les différents genres d'animaux,https://www.bestioles.ca/animaux/
"Animaux 
            aquatiques",Les animaux et insectes aquatiques,https://www.bestioles.ca/animaux/aquatiques.html
Baleines,La baleine est le plus gros       animal au monde,https://www.bestioles.ca/mammiferes/baleines.html
Bélugas,Le béluga est une baleine,https://www.bestioles.ca/mammiferes/belugas.html
Cachalots,Le cachalot est une baleine       à dents,https://www.bestioles.ca/mammiferes/cachalots.html
Dauphins,Le dauphin aime s'amuser,https://www.bestioles.ca/mammiferes/dauphins.html
Dauphins souffleurs,Le dauphin souffleur est un       mammifère marin,https://www.bestioles.ca/mammiferes/dauphin-souffleur.html
Elephants de mer,L'éléphant de mer est un       des lpus gros mammifères,https://www.bestioles.ca/mammiferes/elephants-de-mer.html
Lamantins,Le lamantin est un gros       mammifère marin,https://www.bestioles.ca/mammiferes/lamantin.html
Lion de mer,Le lion de mer est un       mammifère,https://www.bestioles.ca/mammiferes/lion-de-mer.html
Loup marin,Le loup marin est le phoque       du Groendland,https://www.bestioles.ca/mammiferes/loup-marin.html
Marsouins,Le marsouin ressemble au       dauphin,https://www.bestioles.ca/mammiferes/marsouins.html
Morse,Le morse est un animal       marin,https://www.bestioles.ca/mammiferes/morses.html
Narvals,Le narval est un cétacés,https://www.bestioles.ca/mammiferes/narvals.html
Orques,L'orque ou épaulard,https://www.bestioles.ca/mammiferes/orques.html
Otarie,L'otarie est un animal       gourmand,https://www.bestioles.ca/mammiferes/otarie.html
Phoques,Le phoque est habile dans       l'eau,https://www.bestioles.ca/mammiferes/phoque.html
Rorquals bleus,Le rorqual bleu est le plus       gros mammifère au monde,https://www.bestioles.ca/mammiferes/rorqual-bleu.html
Bovidés,Les animaux de la famille des bovidés,https://www.bestioles.ca/mammiferes/bovides-bovidae.html
Cervidés,Les animaux cervidés,https://www.bestioles.ca/animaux/cervides.html
Caribou,Le caribou ou le renne,https://www.bestioles.ca/mammiferes/caribou.html
Cerf,Les cerfs des ruminants       herbivores,https://www.bestioles.ca/mammiferes/cerfs.html
Chevreuils,Le chevreuil est le plus petit cervidé       du Canada,https://www.bestioles.ca/mammiferes/chevreuil.html
Chevrotain porte-musc,Le chevrotain porte-musc       est en voie de disparition,https://www.bestioles.ca/mammiferes/chevrotain-porte-musc.html
Élans,"L'élan, aussi appelé orignal est un       gros cervidé",https://www.bestioles.ca/mammiferes/elans.html
Daim,Le daim est un animal       herbivore,https://www.bestioles.ca/mammiferes/daims.html
Domestiques,Les animaux domestiques,https://www.bestioles.ca/domestiques/
Anes,L'âne est ressemble au       cheval mais en plus petit,https://www.bestioles.ca/domestiques/anes.html
Animaux de la ferme,Les animaux domestiqués de la ferme,https://www.bestioles.ca/domestiques/ferme.html
Chats domestiques,Les chats sont des félidés de petites       tailles dont on fait l'élevage,https://www.bestioles.ca/domestiques/chats.html
Chevaux,Les chevaux sauvages ont       été domestiqués pour le transport et travail agricole,https://www.bestioles.ca/domestiques/cheval.html
Chien domestique,Beaucoup de races de chiens sont utiles       pour l'homme,https://www.bestioles.ca/domestiques/chiens.html
Moutons,"On fait l'élevage des       moutons pour leurs laine, le lait, le fromage, la peau",https://www.bestioles.ca/domestiques/moutons.html
Mulet,Le mulet est un croisement,https://www.bestioles.ca/domestiques/mulets.html
Vaches laitières,La vache laitière est la       productrice du lait pour notre alimentation,https://www.bestioles.ca/domestiques/vaches.html
Félins,Les animaux du groupe des félins,https://www.bestioles.ca/felins/
Caracals,Le caracal est agile dans       les arbres,https://www.bestioles.ca/felins/caracal.html
Chat,Le chat est un petit félin qui est       domestiqué,https://www.bestioles.ca/felins/chat.html
Chat sauvage,Le chat sauvage est n'est pas un chat       domestique,https://www.bestioles.ca/felins/chat-sauvage.html
"Chats 
            viverrins",Le chat viverrin ou chat       pêcheur,https://www.bestioles.ca/felins/chat-viverrin.html
Chaus,Le chaus se nomme auss chat       de jungle,https://www.bestioles.ca/felins/chaus.html
Guépard,Les guépards sont des félins d'Inde et       d'Afrique,https://www.bestioles.ca/felins/guepard.html
Jaguar,Le jaguar est un gros félin d'Amérique,https://www.bestioles.ca/felins/jaguar.html
Léopards,Le léopard est agile dans       les arbres,https://www.bestioles.ca/felins/leopard.html
Lions,Le lion est un gros       carnivore chasseur d'Afrique,https://www.bestioles.ca/felins/lions.html
Lions blancs,Le lion blanc,https://www.bestioles.ca/felins/lion-blanc.html
Lynx,Le lynx du Canada aussi appelé loup-cervier,https://www.bestioles.ca/felins/lynx-canada.html
Ocelots,Le ocelot ou chat-tigre,https://www.bestioles.ca/felins/ocelots.html
Onces,Le once est le léopard des       neiges,https://www.bestioles.ca/felins/leopards-des-neiges.html
"Panthère 
            noire",Les panthères noires sont       des léopards,https://www.bestioles.ca/felins/pantheres.html
Puma,Les pumas se nomments aussi       des cougars,https://www.bestioles.ca/felins/puma.html
Servals,Le serval à de grandes       oreilles,https://www.bestioles.ca/felins/servals.html
Sphynx,Le chat sphynx,https://www.bestioles.ca/domestiques/sphynx.html
Tigre,Les tigres sont des félins       carnivores,https://www.bestioles.ca/felins/tigres.html
Tigres de Sibérie,Le tigre de Sibérie est de       plus en plus rare,https://www.bestioles.ca/felins/tigre-siberie.html
Mammifères,Les animaux de la famille des mammifères,https://www.bestioles.ca/mammiferes/
Addax,L'addax est en voie de       disparition,https://www.bestioles.ca/mammiferes/addax.html
Alpaga,Les alpagas sont des mammifères       d'Amérique du Sud,https://www.bestioles.ca/mammiferes/alpaga.html
Antilope,Les antilopes vivent       principalement en Afrique et en Asie,https://www.bestioles.ca/mammiferes/antilope.html
Anoas,L'anoa est un petit bovidé,https://www.bestioles.ca/mammiferes/anoas.html
Aye-aye,Le aye aye est une drôle de       petite bête,https://www.bestioles.ca/mammiferes/aye-aye.html
Belettes,La belette aime s'amuser,https://www.bestioles.ca/mammiferes/belettes.html
Bisons,Le bison est un animal en voie       d'extinction,https://www.bestioles.ca/mammiferes/bisons.html
Blaireau,"Le blaireau, animal omnivore en voie de       disparition",https://www.bestioles.ca/mammiferes/blaireau.html
Boeuf musqué,Les boeufs musqués sont des herbivores       des régions arctiques,https://www.bestioles.ca/mammiferes/boeuf-musque.html
Bongos,Le bongo est une grosse       antilope,https://www.bestioles.ca/mammiferes/bongo.html
Bouquetins,Le bouquetin a des cornes       qui poussent continuellement,https://www.bestioles.ca/mammiferes/bouquetins.html
Buffle du cap,Le buffle du cap est un animal       d'Afrique utilisé pour le travail,https://www.bestioles.ca/mammiferes/buffle-cap.html
Carcajou,"Le carcajou est un blaireau du Canada, animal sauvage dangereux",https://www.bestioles.ca/mammiferes/carcajou.html
Chacal,Le chacal un carnivore parfois charognard,https://www.bestioles.ca/mammiferes/chacals.html
Chameaux,Le chameau est une bête adaptée au       climat du désert,https://www.bestioles.ca/mammiferes/chameau.html
Chamois,Le chamois vit en montagne et produit       un cuir délicat,https://www.bestioles.ca/mammiferes/chamois.html
Chauve souris,La chauve-souris mammifère       nocturne,https://www.bestioles.ca/mammiferes/chauve-souris.html
Chèvre,La chèvre domestique est un animal de       la ferme,https://www.bestioles.ca/domestiques/chevres.html
Chèvre de montagne,Les chèvres de montagne sont des       animaux ruminants,https://www.bestioles.ca/mammiferes/chevre-montagnes.html
Chiens viverrins,Le chien viverin est un       canidé,https://www.bestioles.ca/mammiferes/chien-viverrin.html
Civettes,La civette est nocturne,https://www.bestioles.ca/mammiferes/civettes.html
Coati,Les coatis sont des animaux       omnivores,https://www.bestioles.ca/mammiferes/coati.html
Cobes,Les cobes sont des antilopes,https://www.bestioles.ca/mammiferes/cobes.html
Cochons,"On fait l'élevage du cochon,       ou porc, pour sa viande et son cuir",https://www.bestioles.ca/mammiferes/cochon.html
Coyote,"Le coyote, mammifère sauvage",https://www.bestioles.ca/mammiferes/coyote.html
Dik dik,Le dik dik est une antilope,https://www.bestioles.ca/mammiferes/dikdik.html
Dingo,Le dingo est un mammifère d'Australie       qui ressemble à un chien,https://www.bestioles.ca/mammiferes/dingos.html
Dromadaires,Le dromadaire est un ruminant       conditionné à la vie désertique,https://www.bestioles.ca/mammiferes/dromadaires.html
Elands,L'éland est une grosse       antilope d'Afrique,https://www.bestioles.ca/mammiferes/elands.html
Eléphant,Les éléphants sont les plus gros       mammifères terrestres,https://www.bestioles.ca/mammiferes/elephant.html
Fennec,Le fennec ressemble à un renard et vit       dans le désert,https://www.bestioles.ca/mammiferes/fennec.html
Fouines,La fouine extermine les rongeurs,https://www.bestioles.ca/mammiferes/fouines.html
Furets,Le furet comme animal domestique,https://www.bestioles.ca/mammiferes/furet.html
Gaurs,Le gaur est un gros bovidé,https://www.bestioles.ca/mammiferes/gaur.html
Gazelles,La gazelle est du groupe       des antilopes,https://www.bestioles.ca/mammiferes/gazelles.html
Genettes,La genette est nocturne,https://www.bestioles.ca/mammiferes/genettes.html
Girafes,La girafe a le plus long cou du règne       animal,https://www.bestioles.ca/mammiferes/girafe.html
Glouton,Le glouton est un animal rare aussi       appelé carcajou,https://www.bestioles.ca/mammiferes/glouton.html
Gnous,Le gnou est un bovin d'Afrique et pays       chauds environnants,https://www.bestioles.ca/mammiferes/gnous.html
Grizzly,Le grizzly est un ours brun des       territoires du nord-ouest,https://www.bestioles.ca/mammiferes/grizzly.html
Guanacos,Le guanaco est de la       famille du lama,https://www.bestioles.ca/mammiferes/guanaco.html
Hérisson,Les hérissons sont des animaux qui       vivent en Europe,https://www.bestioles.ca/mammiferes/herisson.html
Hermine,Les hermines sont diurnes l'été et       nocturnes l'hiver,https://www.bestioles.ca/mammiferes/hermines.html
Hippopotames,L'hippopotame passe sont       temps dans l'eau,https://www.bestioles.ca/mammiferes/hippopotames.html
Hyènes,La hyène est un charognard       et mène une vie plutôt nocturne,https://www.bestioles.ca/mammiferes/hyene.html
Impala,L'impala est une antilope d'Afrique,https://www.bestioles.ca/mammiferes/impala.html
Isards,Le isard vit en montagne et       en forêt,https://www.bestioles.ca/mammiferes/isards.html
Kodiak,Le kodiak a un bon odorat,https://www.bestioles.ca/mammiferes/kodiak.html
Koudous,Le koudou est un ruminant,https://www.bestioles.ca/mammiferes/koudou.html
Lamas,Les lamas sont des guanacos,https://www.bestioles.ca/mammiferes/lamas.html
Lapin à queue blanche,Sylvilagus floridanus,https://www.bestioles.ca/mammiferes/lapin-a-queue-blanche.html
Lapins,Le lapin est élevé pour sa chair et sa fourrure,https://www.bestioles.ca/mammiferes/lapins.html
Lémuriens,Le lémurien est parent avec le singe et       vit exclusivement à Madagascar,https://www.bestioles.ca/mammiferes/lemuriens.html
Lièvres,"Le lièvre, petit animal des       bois",https://www.bestioles.ca/mammiferes/lievres.html
Lièvres Arctiques,Les lièvres Arctiques sont       les plus gros,https://www.bestioles.ca/mammiferes/lievre-arctique.html
Lièvre d'Amérique,Le lièvre d'Amérique,https://www.bestioles.ca/mammiferes/lievre-amerique.html
Loups,Le loup est un mammifère       carnivore,https://www.bestioles.ca/mammiferes/loups.html
Loutres,La loutre vit dans l'eau et sur terre,https://www.bestioles.ca/mammiferes/loutre.html
Lycaons,Le lycaon est en danger de       disparaître,https://www.bestioles.ca/mammiferes/lycaons.html
Mangouste,La mangouste est carnivore       et s'attaque même aux serpents,https://www.bestioles.ca/mammiferes/mangoustes.html
Martres,"La martre, animal carnassier de la forêt",https://www.bestioles.ca/mammiferes/martre.html
Moufettes,La moufette aussi appelée bête puante,https://www.bestioles.ca/mammiferes/moufettes.html
Mouflons,Le mouflon est un bovide,https://www.bestioles.ca/mammiferes/mouflons.html
Musaraignes,La musaraigne n'est pas un       rongeur,https://www.bestioles.ca/mammiferes/musaraignes.html
Okapi,L'opaki est un animal rare,https://www.bestioles.ca/mammiferes/okapis.html
Ornithorynque,L'ornithorynque ponds des       oeufs,https://www.bestioles.ca/mammiferes/ornithorynque.html
Oryctéropes,L'oryctérope est un       fourmilier,https://www.bestioles.ca/mammiferes/orycteropes.html
Oryx,L'oryx ou orynx est en       danger d'extinction,https://www.bestioles.ca/mammiferes/oryx.html
Ours,Les ours sont de la famille       des ursidés,https://www.bestioles.ca/mammiferes/ours.html
Ours brun,Les ours bruns sont actifs       la nuit et le matin,https://www.bestioles.ca/mammiferes/ours-brun.html
Ours noir,Les ours noirs sont de grosses bêtes qui       hibernent,https://www.bestioles.ca/mammiferes/ours-noir.html
Ours polaire,L'ours blanc ou ours polaire vit au       pôle nord,https://www.bestioles.ca/mammiferes/ours-blanc.html
Ouistitis argentés,Le ouistiti argenté est un       très petit singe,https://www.bestioles.ca/mammiferes/ouistiti-argente.html
Pandas,Le panda est un ours       herbivore,https://www.bestioles.ca/mammiferes/panda.html
Panda rouge,Le panda rouge est omnivore,https://www.bestioles.ca/mammiferes/panda-rouge.html
Pangolins,Le pangolin est un       mammifère à écailles,https://www.bestioles.ca/mammiferes/pangolin.html
Paresseux,Il y a 2 espèces de       paresseux,https://www.bestioles.ca/mammiferes/paresseux.html
Pécaris,Le pécari ressemble au       sanglier,https://www.bestioles.ca/mammiferes/pecaris.html
Pékan,Le pékan un animal carnivore des forêts,https://www.bestioles.ca/mammiferes/pekan.html
"Petite 
        chauve-souris brune",Myotis lucifugus,https://www.bestioles.ca/mammiferes/petite-chauve-souris-brune.html
Phacochères,Les phacochères vivent dans       les savanes d'Afrique,https://www.bestioles.ca/mammiferes/phacocheres.html
Pipistrelles,La pipistrelle est une       petite chauve-souris,https://www.bestioles.ca/mammiferes/pipistrelles.html
Pikas,Le pika est un petit       mammifère des montagnes,https://www.bestioles.ca/mammiferes/pikas.html
Polatouche,Le polatouche est       l'écureuil volant,https://www.bestioles.ca/rongeurs/polatouche.html
Putois,Le putois est nocturne,https://www.bestioles.ca/mammiferes/putois.html
Renards,Le renard est un petit prédateur       des bois,https://www.bestioles.ca/mammiferes/renard.html
Renard arctique,Les renards arctiques       dépendent des lemmings,https://www.bestioles.ca/mammiferes/renard-arctique.html
Renards,Les renards sont de proches       parents des chiens,https://www.bestioles.ca/mammiferes/renards.html
Rhinocéros,Le rhinocéros est le 2em       plus gros mammifère terrestre,https://www.bestioles.ca/mammiferes/rhinoceros.html
Roussettes,La roussette est une       chauve-souris,https://www.bestioles.ca/mammiferes/roussettes.html
Sangliers,Le sanglier est l'ancêtre       du cochon,https://www.bestioles.ca/mammiferes/sangliers.html
Springboks,Le springbok est une       gazelle,https://www.bestioles.ca/mammiferes/springbok.html
Suricates,Le suricate vit en groupe,https://www.bestioles.ca/mammiferes/suricates.html
Tamanduas,Le tamandua est un petit       fourmilier,https://www.bestioles.ca/mammiferes/tamanduas.html
Tamanoirs,Le tamanoir est un       fourmilier,https://www.bestioles.ca/mammiferes/tamanoirs.html
Tapirs,Le tapir est chassé pour       son cuir,https://www.bestioles.ca/mammiferes/tapirs.html
Tarsiers,Le tarsier est le plus       petit animal primate,https://www.bestioles.ca/mammiferes/tarsiers.html
Tatou à neuf bandes,Le dasypus à neuf bandes,https://www.bestioles.ca/mammiferes/tatou-neuf-bandes.html
Tatous,Le tatou vit dans les pays       chauds,https://www.bestioles.ca/mammiferes/tatous.html
Taupes,La taupe creuse des galeries dans       le sol,https://www.bestioles.ca/mammiferes/taupes.html
Vampire,La chauve souris vampire se nourrit       de sang,https://www.bestioles.ca/mammiferes/vampires.html
Visons,Le vison est un carnivore,https://www.bestioles.ca/mammiferes/visons.html
Wapiti,Le wapiti est un gros cerf       qui vit au Canada,https://www.bestioles.ca/mammiferes/wapiti.html
Watussi,Le watussi est un boeuf qui       vit en Afrique,https://www.bestioles.ca/mammiferes/watussi.html
Yacks,Le yack vit dans les       montagnes du Tibet,https://www.bestioles.ca/mammiferes/yack.html
Zèbres,Le zèbre est comme le       cheval sauf pour son pelage,https://www.bestioles.ca/mammiferes/zebres.html
Zébus,Les zébus sont des bovidés       sacrés en Inde,https://www.bestioles.ca/mammiferes/zebu.html
Zibelines,La zibeline est omnivore,https://www.bestioles.ca/mammiferes/zibeline.html
Zorilles,Le zorille est un animal de       la famille des mustélidés,https://www.bestioles.ca/mammiferes/zorilles.html
Marsupiaux,,https://www.bestioles.ca/animaux/marsupiaux.html
Couscous,Le couscous est un,https://www.bestioles.ca/mammiferes/couscous.html
Diable de Tasmanie,Les diables de Tasmanie sont des       marsupiaux,https://www.bestioles.ca/mammiferes/diable-tasmanie.html
Echidnés,L'échidné est insectivore,https://www.bestioles.ca/mammiferes/echidnes.html
Kangourou,Le kangourou a une poche ventrale pour       transporter son bébé,https://www.bestioles.ca/mammiferes/kangourou.html
Koalas,Les koalas sont des animaux       nocturne en danger d'extinction,https://www.bestioles.ca/mammiferes/koalas.html
Myrmécobie à bandes,Le myrmécobie ou fourmilier marsupial,https://www.bestioles.ca/mammiferes/myrmecobie-a-bandes.html
Opossum,L'opossum est un mammifère       marsupial,https://www.bestioles.ca/mammiferes/opossums.html
Wallaby,Le wallaby est un marsupial,https://www.bestioles.ca/mammiferes/wallaby.html
Wombat,Les wombats sont des       animaux nocturnes de la famille des marsupiaux,https://www.bestioles.ca/mammiferes/wombat.html
Primates,,https://www.bestioles.ca/animaux/primates.html
Atèles,L'atèle ou singe araignée,https://www.bestioles.ca/mammiferes/ateles.html
Babouins,Le babouin est un animal       qui vit en Arabie et en Afrique,https://www.bestioles.ca/mammiferes/babouins.html
Bonobos,Le bonobo vit au Congo,https://www.bestioles.ca/mammiferes/bonobo.html
Capucins,Le capucin est un singe       d'Amérique,https://www.bestioles.ca/mammiferes/capucins.html
Chimpanzés,Le chimpanzé un proche       parent de l'homme,https://www.bestioles.ca/mammiferes/chimpamzes.html
Drills,Le drill est en danger       d'extinction,https://www.bestioles.ca/mammiferes/drills.html
Gibbons,Le gibbon est un primate       Asiatique,https://www.bestioles.ca/mammiferes/gibbons.html
Gorille,Les gorilles sont les plus grands       primates,https://www.bestioles.ca/mammiferes/gorilles.html
Loris,Le loris est un petit       primate,https://www.bestioles.ca/mammiferes/loris.html
Macaque,Les macaques sont de l'ordre       des primates,https://www.bestioles.ca/mammiferes/macaque.html
Mandrill,Les mandrills sont       pacifiques,https://www.bestioles.ca/mammiferes/mandrill.html
Nasiques,Le nasique a un gros nez       mou,https://www.bestioles.ca/mammiferes/nasiques.html
Orang-outan,L'orang-outan est un       primate,https://www.bestioles.ca/mammiferes/orang-outan.html
Ouistitis,Les ouistitis,https://www.bestioles.ca/mammiferes/ouistiti.html
Ouistiti argenté,Les ouistitis argenté       vivent au Brésil,https://www.bestioles.ca/mammiferes/ouistiti-argente.html
Ouistiti pygmée,Le ouistiti pygmée est le       plus petit singe,https://www.bestioles.ca/mammiferes/ouistiti-pygmee.html
Rhésus,Le rhésus est un petit       singe,https://www.bestioles.ca/mammiferes/rhesus.html
Singes écureuil,Le singe écureuil ou Saïmiri,https://www.bestioles.ca/mammiferes/singe-ecureuil.html
Singe hurleur,Le singe hurleur ou Alouate,https://www.bestioles.ca/mammiferes/singe-hurleur.html
Tamarin lion doré,Le tamarin lion doré est un petit singe,https://www.bestioles.ca/mammiferes/tamarin-lion-dore.html
Tamarins,Le tamarin est plus gros       qu'un ouistiti,https://www.bestioles.ca/mammiferes/tamarins.html
Rongeurs,Les animaux du groupe des rongeurs,https://www.bestioles.ca/rongeurs/
Agouti,Les agoutis sont des animaux d'Amérique       Centrale,https://www.bestioles.ca/rongeurs/agoutis.html
Campagnols,"Les campagnols, petits rongeurs européens",https://www.bestioles.ca/rongeurs/campagnoles.html
Capybaras,Les capybaras sont les plus       gros rongeurs au monde,https://www.bestioles.ca/rongeurs/capybara.html
Castor,Le castor bâtisseur de       barrages,https://www.bestioles.ca/rongeurs/castors.html
Chien de prairies,Le chien de prairie est un petit       mammifère du Canada,https://www.bestioles.ca/mammiferes/chien-prairie.html
Chinchilla,Le chinchilla élevé pour sa fourrure,https://www.bestioles.ca/rongeurs/chinchilla.html
Cobaye,Le cobaye est aussi appelé cochon       d'Inde,https://www.bestioles.ca/rongeurs/cobaye.html
Cochon d'inde,Le cochon d'inde n'est pas un porc et       ne vient pas d'Inde,https://www.bestioles.ca/rongeurs/cochon-inde.html
Écureuils,L'écureuil roux et gris,https://www.bestioles.ca/mammiferes/ecureuils.html
Écureuils roux,Les écureuils roux,https://www.bestioles.ca/rongeurs/ecureuil-roux.html
Gaufre,Le gaufre est un animal rongeur qui vit       en Amérique,https://www.bestioles.ca/rongeurs/gaufre.html
Gerbilles,La gerbille comme animal domestique,https://www.bestioles.ca/rongeurs/gerbilles.html
Gerboises,La gerboise est un rongeur       des déserts d'Afrique et d'Asie,https://www.bestioles.ca/rongeurs/gerboises.html
Hamster,Le hamster petit rongeur domestique,https://www.bestioles.ca/rongeurs/hamster.html
Lemmings,Le lemming vit en région       Arctique,https://www.bestioles.ca/rongeurs/lemmings.html
Lérot,Le lérot est un animal rongeur,https://www.bestioles.ca/rongeurs/lerot.html
Loirs,Le loir un rongeur d'Europe,https://www.bestioles.ca/rongeurs/loir.html
Mara,Le mara est un rongeur       aussi appelé lièvre de Pentagonie,https://www.bestioles.ca/rongeurs/mara.html
Marmottes,La marmotte aussi appelée le siffleux,https://www.bestioles.ca/rongeurs/marmottes.html
Mulot,Le mulot habite dans les       champs,https://www.bestioles.ca/rongeurs/mulots.html
Muscardins,Le muscradin ressemble à       une souris,https://www.bestioles.ca/rongeurs/muscardins.html
Octodons,L'octodon est du Chili,https://www.bestioles.ca/rongeurs/octodons.html
Porc épic,Le porc-épic a des poils piquants,https://www.bestioles.ca/rongeurs/porc-epic.html
Ragondin,Le ragondin est un rongeur utilisé pour       sa fourrure,https://www.bestioles.ca/rongeurs/ragondin.html
Rats,Le rat d'égout et domestique,https://www.bestioles.ca/rongeurs/rats.html
Rat musqué,Le rat musqué un gros mulot,https://www.bestioles.ca/rongeurs/rat-musque.html
Ratufa,Le ratufa indica est       l'écureuil géant,https://www.bestioles.ca/rongeurs/ratufa.html
Souris,La souris est un rongeur sans défense,https://www.bestioles.ca/rongeurs/souris.html
Tamias,Le tamia est aussi nommé       suisse,https://www.bestioles.ca/rongeurs/tamias.html
Xérus,Le xérus est un petit       rongeur d'Ouganda,https://www.bestioles.ca/rongeurs/xerus.html
